<?xml version="1.0" encoding="UTF-8"?>
<project-private xmlns="http://www.netbeans.org/ns/project-private/1">
    <editor-bookmarks xmlns="http://www.netbeans.org/ns/editor-bookmarks/2" lastBookmarkId="0"/>
    <open-files xmlns="http://www.netbeans.org/ns/projectui-open-files/2">
<<<<<<< Updated upstream
        <group>
            <file>file:/C:/Users/Nikhi/Documents/EWA/artsy_1718/Artsy/public_html/css/style.css</file>
            <file>file:/C:/Users/Nikhi/Documents/EWA/artsy_1718/Artsy/public_html/index.html</file>
            <file>file:/C:/Users/Nikhi/Documents/EWA/artsy_1718/Artsy/public_html/profile.html</file>
            <file>file:/C:/Users/Nikhi/Documents/EWA/artsy_1718/Artsy/public_html/upload.html</file>
            <file>file:/C:/Users/Nikhi/Documents/EWA/artsy_1718/Artsy/public_html/projectinfo.html</file>
        </group>
=======
        <group/>
>>>>>>> Stashed changes
    </open-files>
</project-private>
